pais,sede_id,tipo_red,url
ARAB  REPUBLIC  OF  EGYPT,EEGIP,Facebook,https://facebook.com/argentinaenegipto
ARAB  REPUBLIC  OF  EGYPT,EEGIP,Instagram,https://instagram.com/argenegipto/
ARAB  REPUBLIC  OF  EGYPT,EEGIP,Twitter/X,https://twitter.com/argenegipto
AUSTRALIA,CSIDN,Facebook,https://www.facebook.com/argentinaensidney/
AUSTRALIA,CSIDN,Instagram,https://www.instagram.com/argentinaensydney/
AUSTRALIA,EAUST,Facebook,https://www.facebook.com/argentinaenaustralia/
AUSTRALIA,EAUST,Twitter/X,https://twitter.com/arginaustralia
BARBADOS,EBARB,Facebook,https://www.facebook.com/argentinaenbarbados/
BOLIVARIAN  REPUBLIC  OF  VENEZUELA,EVENE,Facebook,https://www.facebook.com/embajadaargentinaenvenezuela
BOLIVARIAN  REPUBLIC  OF  VENEZUELA,EVENE,Instagram,https://www.instagram.com/argenvenezuela/
BOLIVARIAN  REPUBLIC  OF  VENEZUELA,EVENE,Twitter/X,https://twitter.com/argenvenezuela?lang=es
CANADA,CMREA,Facebook,https://www.facebook.com/argentinaenmontreal
CANADA,CMREA,Instagram,https://www.instagram.com/consuladoargenmontreal/
CANADA,CMREA,YouTube,https://www.youtube.com/@consuladodelarepublicadear8025
CANADA,CTORO,Facebook,https://www.facebook.com/argentinaentoronto/
CANADA,CTORO,Instagram,https://www.instagram.com/consuladoargtoronto/
CANADA,ECANA,Facebook,https://www.facebook.com/argentinaincanada
CANADA,ECANA,Instagram,https://www.instagram.com/argentinaincanada/
CANADA,ECANA,LinkedIn,https://www.linkedin.com/company/argentinaincanada
CANADA,ECANA,Twitter/X,https://twitter.com/argincanada
CANADA,ECANA,YouTube,https://www.youtube.com/channel/uc77dgxz2ppexrtv4ws4iv-a
CZECH  REPUBLIC,ECHES,Facebook,https://www.facebook.com/argentinaenrepcheca/
CZECH  REPUBLIC,ECHES,Instagram,https://www.instagram.com/argentinaenpraga
DOMINICAN  REPUBLIC,EDOMI,Facebook,https://es-la.facebook.com/argentinaenrepublicadominicana/
DOMINICAN  REPUBLIC,EDOMI,Instagram,https://www.instagram.com/argentinaenrd/
FEDERAL  DEMOCRATIC  REPUBLIC  OF  ETHIOPIA,EETIO,Facebook,https://www.facebook.com/argenetiopia/
FEDERAL  DEMOCRATIC  REPUBLIC  OF  ETHIOPIA,EETIO,Instagram,https://www.instagram.com/embaargenetiopia/
FEDERAL  DEMOCRATIC  REPUBLIC  OF  ETHIOPIA,EETIO,Twitter/X,https://twitter.com/arethiopia
FEDERAL  REPUBLIC  OF  GERMANY,CBONN,Facebook,https://www.facebook.com/consuladoargentinoenbonn
FEDERAL  REPUBLIC  OF  GERMANY,CBONN,Instagram,http://www.instagram.com/argentinaenbonn
FEDERAL  REPUBLIC  OF  GERMANY,CHAMB,Facebook,https://www.facebook.com/argenhamburgo
FEDERAL  REPUBLIC  OF  GERMANY,CHAMB,Instagram,https://www.instagram.com/consulado.argentino.hamburgo
FEDERAL  REPUBLIC  OF  GERMANY,EALEM,Facebook,https://www.facebook.com/argenalemania/
FEDERAL  REPUBLIC  OF  GERMANY,EALEM,Instagram,https://www.instagram.com/argindeu/
FEDERAL  REPUBLIC  OF  NIGERIA,ENIGE,Facebook,https://www.facebook.com/argentinaennigeria/
FEDERAL  REPUBLIC  OF  NIGERIA,ENIGE,Instagram,https://www.instagram.com/embargennigeria/?igshid=f0laoeu8lhv8
FEDERATIVE  REPUBLIC  OF  BRAZIL,CALEG,Facebook,https://www.facebook.com/argentinaenportoalegre/
FEDERATIVE  REPUBLIC  OF  BRAZIL,CALEG,Instagram,https://www.instagram.com/argenportoalegre/
FEDERATIVE  REPUBLIC  OF  BRAZIL,CALEG,Twitter/X,https://twitter.com/argportoalegre
FEDERATIVE  REPUBLIC  OF  BRAZIL,CBELO,Facebook,https://www.facebook.com/argentinaenbelohorizonte/
FEDERATIVE  REPUBLIC  OF  BRAZIL,CBELO,Instagram,https://www.instagram.com/consgralbelo/
FEDERATIVE  REPUBLIC  OF  BRAZIL,CBELO,Twitter/X,https://twitter.com/consgralbelo
FEDERATIVE  REPUBLIC  OF  BRAZIL,CCURI,Facebook,https://www.facebook.com/argencuritiba/
FEDERATIVE  REPUBLIC  OF  BRAZIL,CCURI,Instagram,https://instagram.com/argencuritiba
FEDERATIVE  REPUBLIC  OF  BRAZIL,CCURI,Twitter/X,https://twitter.com/argencuri
FEDERATIVE  REPUBLIC  OF  BRAZIL,CFDIG,Facebook,https://www.facebook.com/argentinaenfozdeiguazu
FEDERATIVE  REPUBLIC  OF  BRAZIL,CFDIG,Instagram,https://www.instagram.com/argentinaenfoz/
FEDERATIVE  REPUBLIC  OF  BRAZIL,CFDIG,Twitter/X,https://twitter.com/argentinaenfoz
FEDERATIVE  REPUBLIC  OF  BRAZIL,CFLOR,Facebook,https://www.facebook.com/cflor.mrecic.gov.ar
FEDERATIVE  REPUBLIC  OF  BRAZIL,CFLOR,Twitter/X,https://twitter.com/argenflorianopolis
FEDERATIVE  REPUBLIC  OF  BRAZIL,CPABL,Otra,consuladoargentinosp@gmail.com
FEDERATIVE  REPUBLIC  OF  BRAZIL,CRECI,Facebook,https://www.facebook.com/argentinaenbrasilrecife
FEDERATIVE  REPUBLIC  OF  BRAZIL,CRECI,Instagram,https://www.instagram.com/consuladoargentinorecife
FEDERATIVE  REPUBLIC  OF  BRAZIL,CRIOJ,Facebook,https://www.facebook.com/argentinaenriodejaneiro/
FEDERATIVE  REPUBLIC  OF  BRAZIL,CRIOJ,Instagram,https://www.instagram.com/consuladoargentinoenrio/
FEDERATIVE  REPUBLIC  OF  BRAZIL,CSBAH,Facebook,https://www.facebook.com/argentinaensalvador
FEDERATIVE  REPUBLIC  OF  BRAZIL,CSBAH,Instagram,https://www.instagram.com/argentinaensalvador
FEDERATIVE  REPUBLIC  OF  BRAZIL,CSBAH,Twitter/X,https://twitter.com/argentinaenssa
FEDERATIVE  REPUBLIC  OF  BRAZIL,CURUG,Facebook,https://www.facebook.com/argenuruguayana/
FEDERATIVE  REPUBLIC  OF  BRAZIL,CURUG,Instagram,https://instagram.com/consuladouruguayana
FEDERATIVE  REPUBLIC  OF  BRAZIL,CURUG,Twitter/X,https://twitter.com/curugok
FEDERATIVE  REPUBLIC  OF  BRAZIL,EBRAS,Facebook,https://www.facebook.com/embargbrasil
FEDERATIVE  REPUBLIC  OF  BRAZIL,EBRAS,Instagram,https://www.instagram.com/embaargenbrasil
FEDERATIVE  REPUBLIC  OF  BRAZIL,EBRAS,Twitter/X,https://twitter.com/argentinaenbras
FRENCH  REPUBLIC,EFRAN,Facebook,https://www.facebook.com/argentinaenfrancia/
FRENCH  REPUBLIC,EUNES,Facebook,https://www.facebook.com/delegation.argentine/
FRENCH  REPUBLIC,EUNES,Twitter/X,https://twitter.com/argentinaunesco
HELLENIC  REPUBLIC,EGREC,Facebook,https://www.facebook.com/argentinaengrecia
HELLENIC  REPUBLIC,EGREC,Otra,embajadaargentinaengrecia
HELLENIC  REPUBLIC,EGREC,Twitter/X,https://twitter.com/argengrecia
HELLENIC  REPUBLIC,EGREC,YouTube,https://www.youtube.com/channel/ucfakseres33zedzjbnrzoog/featured
HUNGARY,EUNGR,Facebook,https://www.facebook.com/argentinaenhungria
HUNGARY,EUNGR,Instagram,https://www.instagram.com/argentinaenhungria/
HUNGARY,EUNGR,Twitter/X,https://twitter.com/embarghungria
IRELAND,EIRLA,Facebook,https://www.facebook.com/argentinaenirlanda/
IRELAND,EIRLA,Instagram,https://www.instagram.com/embajadaargentinairlanda
ISLAMIC  REPUBLIC  OF  PAKISTAN,EPAKI,Instagram,https://www.instagram.com/argentinaenpakistan/
ITALIAN  REPUBLIC,CMILA,Instagram,https://www.instagram.com/argenmilano/
ITALIAN  REPUBLIC,CMILA,YouTube,https://www.youtube.com/channel/uczdyen4gttyeyx15xxkunwq
ITALIAN  REPUBLIC,CROMA,Twitter/X,https://twitter.com/argenroma
ITALIAN  REPUBLIC,CROMA,Twitter/X,https://twitter.com/consuladoargentinoenroma
ITALIAN  REPUBLIC,EITAL,Facebook,https://es-la.facebook.com/emb.roma/
ITALIAN  REPUBLIC,EITAL,Instagram,https://www.instagram.com/arginitalia/?hl=es
ITALIAN  REPUBLIC,EITAL,Twitter/X,https://twitter.com/arginitalia?lang=es
JAMAICA,EJAMA,Facebook,https://www.facebook.com/argentinaenjamaica/
JAMAICA,EJAMA,Otra,argentinaenjamaica
JAMAICA,EJAMA,Twitter/X,https://twitter.com/argenjamaica
JAPAN,EJAPO,Facebook,https://www.facebook.com/argjapon/?ref=bookmarks
JAPAN,EJAPO,Instagram,https://www.instagram.com/embajadaargentinaenjapon/
JAPAN,EJAPO,Twitter/X,https://www.twitter.com/argenjapon_
KINGDOM  OF  BELGIUM,EBELG,Facebook,https://www.facebook.com/argentinaenbelgica/
KINGDOM  OF  BELGIUM,EBELG,Instagram,https://www.instagram.com/argenbelgica/
KINGDOM  OF  BELGIUM,ECEUR,Facebook,https://www.facebook.com/arganteue
KINGDOM  OF  BELGIUM,ECEUR,Instagram,https://www.instagram.com/arganteue/
KINGDOM  OF  BELGIUM,ECEUR,LinkedIn,https://www.linkedin.com/company/arganteue
KINGDOM  OF  BELGIUM,ECEUR,Twitter/X,https://twitter.com/arganteue
KINGDOM  OF  BELGIUM,ECEUR,YouTube,https://www.youtube.com/@arganteue
KINGDOM  OF  DANMARK,EDINA,Facebook,https://www.facebook.com/embajadadeargentinaendinamarca/
KINGDOM  OF  DANMARK,EDINA,Instagram,https://www.instagram.com/argentinaindenmark?igsh=dti4cdn6nhfpywm0
KINGDOM  OF  DANMARK,EDINA,LinkedIn,https://www.linkedin.com/company/embajada-de-la-rep-blica-argentina-en-dinamarca
KINGDOM  OF  MOROCCO,EMARR,Instagram,https://www.instagram.com/argenmarruecos/
KINGDOM  OF  MOROCCO,EMARR,Twitter/X,https://twitter.com/argmarruecos
KINGDOM  OF  NORWAY,ENORU,Facebook,https://www.facebook.com/argentinaennoruega/
KINGDOM  OF  NORWAY,ENORU,Instagram,https://www.instagram.com/arginnorway/
KINGDOM  OF  NORWAY,ENORU,LinkedIn,https://www.linkedin.com/company/embajada-de-la-rep%c3%bablica-argentina-ante-el-reino-de-noruega-argentine-embassy-to-norway
KINGDOM  OF  NORWAY,ENORU,Twitter/X,https://x.com/arginnorway?lang=en
KINGDOM  OF  SAUDI  ARABIA,EARAB,Facebook,https://www.facebook.com/argentinaenarabiasaudita/
KINGDOM  OF  SAUDI  ARABIA,EARAB,Instagram,https://www.instagram.com/arginsaudi/
KINGDOM  OF  SAUDI  ARABIA,EARAB,Twitter/X,https://twitter.com/ensaudita
KINGDOM  OF  SPAIN,CBARC,Facebook,https://www.facebook.com/argenbarcelona/
KINGDOM  OF  SPAIN,CBARC,Instagram,https://www.instagram.com/argenbarcelona/
KINGDOM  OF  SPAIN,CBARC,LinkedIn,https://www.linkedin.com/company/consulado-y-centro-de-promoci%c3%b3n-de-la-republica-argentina-en-barcelona
KINGDOM  OF  SPAIN,CBARC,Twitter/X,https://twitter.com/argenbarcelona
KINGDOM  OF  SPAIN,CBARC,YouTube,https://www.youtube.com/@consuladoargentinoenbarcel2664
KINGDOM  OF  SPAIN,CCADI,Facebook,https://www.facebook.com/argentinaencadiz
KINGDOM  OF  SPAIN,CMADR,Facebook,https://www.facebook.com/argentinaenmadridesp/
KINGDOM  OF  SPAIN,CMADR,Instagram,https://www.instagram.com/consuladoargentinoenmadrid?igsh=mw1wmhqzbzhqmgwwbw==
KINGDOM  OF  SPAIN,CMALL,Facebook,https://www.facebook.com/argentinaenpalmademallorca
KINGDOM  OF  SPAIN,CMALL,Instagram,https://www.instagram.com/argentinaenpalmademallorca/
KINGDOM  OF  SPAIN,CTENE,Facebook,https://www.facebook.com/argentinaentenerife
KINGDOM  OF  SPAIN,CVIGO,Facebook,https://www.facebook.com/argentinaenvigo
KINGDOM  OF  SPAIN,CVIGO,Instagram,https://www.instagram.com/argenvigo/
KINGDOM  OF  SPAIN,EESPA,Facebook,https://www.facebook.com/argenespa/
KINGDOM  OF  SPAIN,EESPA,Instagram,https://www.instagram.com/argenespa/
KINGDOM  OF  SPAIN,EESPA,LinkedIn,https://www.linkedin.com/company/83543239/admin/dashboard/
KINGDOM  OF  SPAIN,EESPA,Twitter/X,https://twitter.com/argenesp
KINGDOM  OF  SWEDEN,ESUEC,Facebook,https://www.facebook.com/arginsweden/
KINGDOM  OF  SWEDEN,ESUEC,Instagram,https://www.instagram.com/arginsweden/
KINGDOM  OF  SWEDEN,ESUEC,LinkedIn,https://www.linkedin.com/company/argentinainsweden/
KINGDOM  OF  THAILAND,ETAIL,Facebook,https://www.facebook.com/embajada.argentina.tailandia/
KINGDOM  OF  THE  NETHERLANDS,EPBAJ,Facebook,https://www.facebook.com/argenpaisesbajos/
KINGDOM  OF  THE  NETHERLANDS,EPBAJ,Instagram,https://www.instagram.com/argenpaisesbajos/
KINGDOM  OF  THE  NETHERLANDS,EPBAJ,Twitter/X,https://twitter.com/argentinaenpb
LEBANESE  REPUBLIC,ELBNO,Facebook,https://www.facebook.com/argentinaenlibano
LEBANESE  REPUBLIC,ELBNO,Instagram,https://www.instagram.com/argentinaenlibano/
MALAYSIA,EMSIA,Facebook,https://www.facebook.com/argentinaenmalasia
NEW  ZEALAND,ENZEL,Facebook,https://www.facebook.com/argentinaennuevazelandia/
NEW  ZEALAND,ENZEL,Twitter/X,https://twitter.com/argennz
NEW  ZEALAND,ENZEL,Twitter/X,https://twitter.com/argentinaennuevazelandia
PEOPLE’S  DEMOCRATIC  REPUBLIC  OF  ALGERIA,EARGE,Facebook,https://facebook.com/argentinaenargelia
PEOPLE’S  DEMOCRATIC  REPUBLIC  OF  ALGERIA,EARGE,Instagram,https://instagram.com/argenargelia
PEOPLE’S  DEMOCRATIC  REPUBLIC  OF  ALGERIA,EARGE,Twitter/X,https://twitter.com/argenargelia
PEOPLE’S  REPUBLIC  OF  BANGLADESH,EBANG,LinkedIn,https://www.linkedin.com/showcase/argenbangladesh/
PEOPLE’S  REPUBLIC  OF  BANGLADESH,EBANG,Otra,embajada.argentina.en.bangladesh
PEOPLE’S  REPUBLIC  OF  BANGLADESH,EBANG,Otra,embargenbgd
PEOPLE’S  REPUBLIC  OF  BANGLADESH,EBANG,Otra,embargenbgd
PEOPLE’S  REPUBLIC  OF  CHINA,CHONG,Facebook,https://www.facebook.com/argenhongkong
PEOPLE’S  REPUBLIC  OF  CHINA,CHONG,Instagram,https://www.instagram.com/consuladoargentinohongkong/
PEOPLE’S  REPUBLIC  OF  CHINA,ECHIN,Twitter/X,https://twitter.com/argentinaenchina
PLURINATIONAL  STATE  OF  BOLIVIA,CCOCH,Facebook,https://www.facebook.com/argentinaencochabamba/
PLURINATIONAL  STATE  OF  BOLIVIA,CSCRS,Facebook,https://www.facebook.com/profile.php?id=100069410160459&mibextid=zbwkwl
PLURINATIONAL  STATE  OF  BOLIVIA,CSCRS,Instagram,https://www.instagram.com/consuladoargentinoscz
PLURINATIONAL  STATE  OF  BOLIVIA,CVILL,Facebook,https://www.facebook.com/consuladoargentinoenvillazon
PLURINATIONAL  STATE  OF  BOLIVIA,CVILL,Twitter/X,https://twitter.com/argentinaenvill
PLURINATIONAL  STATE  OF  BOLIVIA,EBOLV,Twitter/X,https://twitter.com/embaargbolivia
PLURINATIONAL  STATE  OF  BOLIVIA,EBOLV,Twitter/X,https://twitter.com/embajada_argentina_en_bolivia
PLURINATIONAL  STATE  OF  BOLIVIA,EBOLV,Twitter/X,https://twitter.com/embajadaargentinabolivia
PORTUGUESE  REPUBLIC,EPORT,Twitter/X,https://twitter.com/embargentinaportugal
REPUBLIC  OF  ANGOLA,EANGO,Facebook,https://www.facebook.com/argentinaenangola/
REPUBLIC  OF  ANGOLA,EANGO,Instagram,https://www.instagram.com/embargentinaenangola/
REPUBLIC  OF  ARMENIA,EARME,Facebook,https://www.facebook.com/argentinaenarmenia
REPUBLIC  OF  ARMENIA,EARME,Instagram,https://www.instagram.com/arginarmenia/
REPUBLIC  OF  ARMENIA,EARME,Twitter/X,https://twitter.com/arginarmenia
REPUBLIC  OF  AUSTRIA,ETRIA,Facebook,https://www.facebook.com/argentinaenaustria/
REPUBLIC  OF  AUSTRIA,ETRIA,Instagram,https://www.instagram.com/argenviena/
REPUBLIC  OF  AUSTRIA,ETRIA,Twitter/X,https://twitter.com/argenviena
REPUBLIC  OF  AZERBAIJAN,EAZER,Facebook,https://www.facebook.com/embassyofargentina/
REPUBLIC  OF  AZERBAIJAN,EAZER,Instagram,https://www.instagram.com/embargentinaaz
REPUBLIC  OF  AZERBAIJAN,EAZER,Twitter/X,https://www.twitter.com/argenazer
REPUBLIC  OF  BULGARIA,EBULG,Facebook,https://www.facebook.com/argentinaenbulgaria/
REPUBLIC  OF  BULGARIA,EBULG,YouTube,https://www.youtube.com/channel/uck-usxn84lemqjwcviejzow
REPUBLIC  OF  CHILE,CANTO,Facebook,https://www.facebook.com/consulado-de-la-rep%c3%bablica-argentina-en-antofagasta-255728465291743/
REPUBLIC  OF  CHILE,CANTO,Instagram,https://www.instagram.com/consulargantofagasta/
REPUBLIC  OF  CHILE,CAREN,Facebook,https://www.facebook.com/profile.php?id=100014152878593
REPUBLIC  OF  CHILE,CPMON,Facebook,https://www.facebook.com/argentinaenpuertomontt/
REPUBLIC  OF  CHILE,CSIGO,Twitter/X,http://www.x.com/consuladocsigo
REPUBLIC  OF  CHILE,CVALP,Facebook,https://www.facebook.com/argentinaenvalparaiso
REPUBLIC  OF  CHILE,CVALP,Instagram,https://www.instagram.com/argenvalparaiso/
REPUBLIC  OF  CHILE,EHILE,Facebook,https://www.facebook.com/embargentinaenchile
REPUBLIC  OF  CHILE,EHILE,Instagram,https://www.instagram.com/embargenchile/
REPUBLIC  OF  CHILE,EHILE,Twitter/X,https://twitter.com/embargenchile
REPUBLIC  OF  COLOMBIA,ECOLO,Facebook,https://www.facebook.com/argcolombia/?ref=bookmarks
REPUBLIC  OF  COLOMBIA,ECOLO,Twitter/X,https://twitter.com/argcolombia
REPUBLIC  OF  COLOMBIA,ECOLO,Twitter/X,https://twitter.com/argentinaencolombia
REPUBLIC  OF  COSTA  RICA,ERICA,Facebook,https://www.facebook.com/argentinaencostarica/
REPUBLIC  OF  COSTA  RICA,ERICA,Instagram,https://www.instagram.com/argencostarica/
REPUBLIC  OF  CUBA,ECUBA,Facebook,https://www.facebook.com/argentinaencubalahabana/
REPUBLIC  OF  CUBA,ECUBA,Instagram,https://www.instagram.com/argentinaencuba/
REPUBLIC  OF  ECUADOR,EECUA,Facebook,https://www.facebook.com/argentina-en-ecuador-772092829594964/?ref=bookmarks
REPUBLIC  OF  ECUADOR,EECUA,Instagram,https://instagram.com/argentinaenecuador?igshid=1pzlw4ojakxjh
REPUBLIC  OF  ECUADOR,EECUA,YouTube,https://www.youtube.com/channel/uc7fnoajnif8jqlybb4qdkng
REPUBLIC  OF  EL  SALVADOR,ESALV,Facebook,https://www.facebook.com/argentinaenelsalvador/
REPUBLIC  OF  EL  SALVADOR,ESALV,Instagram,https://www.instagram.com/embargenelsalvador/
REPUBLIC  OF  EL  SALVADOR,ESALV,Twitter/X,https://twitter.com/argenelsalvador
REPUBLIC  OF  FINLAND,EFINL,Facebook,https://www.facebook.com/argentinaenfinlandia/
REPUBLIC  OF  FINLAND,EFINL,Instagram,https://www.instagram.com/argenfinlandia/
REPUBLIC  OF  GUATEMALA,EGUAT,Facebook,https://www.facebook.com/emba.arge.7
REPUBLIC  OF  GUATEMALA,EGUAT,Instagram,https://www.instagram.com/argenguatemala/
REPUBLIC  OF  GUATEMALA,EGUAT,Twitter/X,https://x.com/argenguatemala
REPUBLIC  OF  HONDURAS,EHOND,Twitter/X,https://twitter.com/argenhonduras
REPUBLIC  OF  HONDURAS,EHOND,Twitter/X,https://twitter.com/argenhonduras
REPUBLIC  OF  HONDURAS,EHOND,Twitter/X,https://twitter.com/argentinaenhonduras
REPUBLIC  OF  INDIA,CGMUM,Instagram,https://www.instagram.com/argenmumbai/
REPUBLIC  OF  INDIA,EINDI,Facebook,https://www.facebook.com/argentinaenind
REPUBLIC  OF  INDIA,EINDI,Instagram,https://www.instagram.com/argentinaenind/
REPUBLIC  OF  INDIA,EINDI,Twitter/X,https://twitter.com/argentinaenind
REPUBLIC  OF  INDONESIA,EISIA,Twitter/X,https://twitter.com/argentinaindonesia
REPUBLIC  OF  KENYA,EKENY,Facebook,https://www.facebook.com/argentinaenkenia
REPUBLIC  OF  KENYA,EKENY,Instagram,https://www.instagram.com/argenkenya/
REPUBLIC  OF  KENYA,EKENY,Twitter/X,https://twitter.com/argenkenya
REPUBLIC  OF  KOREA,ECORE,Facebook,https://www.facebook.com/argentinaencorea/
REPUBLIC  OF  KOREA,ECORE,Instagram,https://www.instagram.com/embajadaargentinaencorea1/?hl=es
REPUBLIC  OF  MOZAMBIQUE,EMOZA,Facebook,https://www.facebook.com/argentinaenmozambique/
REPUBLIC  OF  MOZAMBIQUE,EMOZA,Otra,argenmozambique
REPUBLIC  OF  NICARAGUA,ENICA,Twitter/X,https://twitter.com/argennicaragua
REPUBLIC  OF  NICARAGUA,ENICA,Twitter/X,https://twitter.com/argentinaennicaragua
REPUBLIC  OF  PANAMA,EPNMA,Twitter/X,https://twitter.com/argentinaenpanama
REPUBLIC  OF  PANAMA,EPNMA,Twitter/X,https://twitter.com/argentinaenpanama
REPUBLIC  OF  PARAGUAY,CCEST,Facebook,https://www.facebook.com/argenciudaddeleste/
REPUBLIC  OF  PARAGUAY,CCEST,Instagram,https://www.instagram.com/argenciudaddeleste
REPUBLIC  OF  PARAGUAY,EPARA,Facebook,https://www.facebook.com/embajada.paraguay
REPUBLIC  OF  PARAGUAY,EPARA,Twitter/X,https://twitter.com/argenparaguay_
REPUBLIC  OF  PERU,EPERU,Facebook,https://www.facebook.com/argentinaenperu
REPUBLIC  OF  PERU,EPERU,Twitter/X,https://twitter.com/argenperu_
REPUBLIC  OF  PERU,EPERU,Twitter/X,https://twitter.com/emb_arg_peru
REPUBLIC  OF  POLAND,EPOLO,Facebook,https://www.facebook.com/profile.php?id=61560600343776
REPUBLIC  OF  SENEGAL,ESENE,Twitter/X,https://twitter.com/argensenegal
REPUBLIC  OF  SERBIA,ESERB,Otra,argentinaenserbia
REPUBLIC  OF  SERBIA,ESERB,Otra,arginserbia
REPUBLIC  OF  SINGAPORE,ESING,Instagram,https://instagram.com/argentine_embassy_singapore?igshid=ymmymta2m2y=
REPUBLIC  OF  SINGAPORE,ESING,Twitter/X,https://twitter.com/arginsingapore
REPUBLIC  OF  SOUTH  AFRICA,ESAFR,Facebook,https://facebook.com/argensudafrica
REPUBLIC  OF  SOUTH  AFRICA,ESAFR,Instagram,https://www.instagram.com/argentinaensudafrica
REPUBLIC  OF  SOUTH  AFRICA,ESAFR,Twitter/X,https://twitter.com/embargentina
REPUBLIC  OF  THE  PHILIPPINES,EFILI,Facebook,https://www.facebook.com/argentinaenfilipinas
REPUBLIC  OF  THE  PHILIPPINES,EFILI,Instagram,https://www.instagram.com/argentinaenfilipinas/
REPUBLIC  OF  THE  PHILIPPINES,EFILI,Twitter/X,https://twitter.com/argentinaenfili
REPUBLIC  OF  TRINIDAD  AND  TOBAGO,ETRIN,Facebook,https://www.facebook.com/argentinaentrinidadytobago
REPUBLIC  OF  TRINIDAD  AND  TOBAGO,ETRIN,Otra,arg_trinidad_tobago
REPUBLIC  OF  TRINIDAD  AND  TOBAGO,ETRIN,Twitter/X,https://twitter.com/arg_mrec_tt
REPUBLIC  OF  TÜRKIYE,CGEST,Facebook,https://www.facebook.com/argentinaenestambul
REPUBLIC  OF  TÜRKIYE,CGEST,Instagram,https://www.instagram.com/consuladoargentinoenestambul/
REPUBLIC  OF  TÜRKIYE,ETURQ,Twitter/X,https://twitter.com/argentinaenturquia/
REPUBLIC  OF  TÜRKIYE,ETURQ,Twitter/X,https://twitter.com/argenturquia
REPUBLIC  OF  TÜRKIYE,ETURQ,Twitter/X,https://twitter.com/embargenturquia
REPUBLIC  OF  URUGUAY,CCOLO,Facebook,https://www.facebook.com/argentinaencolonia
REPUBLIC  OF  URUGUAY,CMALD,Facebook,https://www.facebook.com/pg/consuladoargentinoenmaldonado/posts/?ref=page_internal
REPUBLIC  OF  URUGUAY,CMALD,Instagram,https://www.instagram.com/consulado_argentino/
REPUBLIC  OF  URUGUAY,CMDEO,Facebook,https://www.facebook.com/argentinaenmontevideo/
REPUBLIC  OF  URUGUAY,CMDEO,Instagram,https://www.instagram.com/consuladoargenmontevideo
REPUBLIC  OF  URUGUAY,CSLTO,Twitter/X,https://twitter.com/consuladoargentinoensalto
REPUBLIC  OF  URUGUAY,EMSUR,Otra,argentinaenuru
REPUBLIC  OF  URUGUAY,EMSUR,Twitter/X,https://twitter.com/argentinaenuru
REPUBLIC  OF  URUGUAY,EMSUR,Twitter/X,https://twitter.com/argentinaenuru
REPUBLIC  OF  URUGUAY,EURUG,Facebook,https://www.facebook.com/argentinaenuru/
REPUBLIC  OF  URUGUAY,EURUG,Instagram,https://www.instagram.com/argentinaenuru/
REPUBLIC  OF  URUGUAY,EURUG,Twitter/X,https://twitter.com/argentinaenuru
ROMANIA,ERUMA,Facebook,https://www.facebook.com/argentinaenrumania
RUSSIAN  FEDERATION,EFRUS,Facebook,https://www.facebook.com/embajadaargentinaenmoscu
RUSSIAN  FEDERATION,EFRUS,Twitter/X,https://twitter.com/embargrusia
SOCIALIST  REPUBLIC  OF  VIETNAM,EVIET,Facebook,https://www.facebook.com/argentinaenvietnam/
SOCIALIST  REPUBLIC  OF  VIETNAM,EVIET,Instagram,https://www.instagram.com/argenvietnam/
STATE  OF  ISRAEL,CGTEL,Facebook,https://www.facebook.com/argentinaenisrael/
STATE  OF  ISRAEL,EISRA,Facebook,https://www.facebook.com/argenisrael
STATE  OF  ISRAEL,EISRA,Twitter/X,https://twitter.com/argenisrael
STATE  OF  KUWAIT,EKUWA,Facebook,https://www.facebook.com/argentinaenkuwait
STATE  OF  PALESTINE,REPAL,Facebook,https://www.facebook.com/argenpalestina
STATE  OF  QATAR,EQATR,Twitter/X,https://twitter.com/embargenqatar
STATE  OF  QATAR,EQATR,Twitter/X,https://twitter.com/embargenqatar
SWISS  CONFEDERATION,EOIRS,Facebook,https://www.facebook.com/argentinaenginebra
SWISS  CONFEDERATION,EOIRS,Instagram,https://www.instagram.com/mision.argentina/
SWISS  CONFEDERATION,EOIRS,Twitter/X,https://twitter.com/argentinaonuomc
SWISS  CONFEDERATION,EOIRS,YouTube,https://www.youtube.com/channel/ucsoschik8j7nfjznpq6k7ag
SYRIAN  ARAB  REPUBLIC,EASIR,Facebook,https://www.facebook.com/embajada-argentina-en-siria-112176794025495
TUNISIAN  REPUBLIC,ETUNE,Facebook,https://www.facebook.com/argentunez/
TUNISIAN  REPUBLIC,ETUNE,Instagram,https://www.instagram.com/embargentinatn
TUNISIAN  REPUBLIC,ETUNE,Twitter/X,https://www.twitter.com/embajadatunez
TUNISIAN  REPUBLIC,ETUNE,YouTube,https://www.youtube.com/channel/uc8kszug1sphrp3r1hgzhjtg
UKRAINE,EUCRA,Facebook,https://www.facebook.com/argentinaenucrania
UKRAINE,EUCRA,Instagram,https://www.instagram.com/argenucrania/
UNITED  ARAB  EMIRATES,EEARB,Facebook,https://www.facebook.com/argentinaenemiratosarabesunidos
UNITED  KINGDOM  OF  GREAT  BRITAIN  AND  NORTHERN  IRELAND,CLOND,Instagram,https://www.instagram.com/consuladoargentinoenlondres/
UNITED  KINGDOM  OF  GREAT  BRITAIN  AND  NORTHERN  IRELAND,ERUNI,Facebook,https://www.facebook.com/arginuk/
UNITED  KINGDOM  OF  GREAT  BRITAIN  AND  NORTHERN  IRELAND,ERUNI,Flickr,https://www.flickr.com/photos/138300767@n07/albums
UNITED  KINGDOM  OF  GREAT  BRITAIN  AND  NORTHERN  IRELAND,ERUNI,Instagram,https://www.instagram.com/arginuk/
UNITED  KINGDOM  OF  GREAT  BRITAIN  AND  NORTHERN  IRELAND,ERUNI,Twitter/X,https://twitter.com/arginuk
UNITED  KINGDOM  OF  GREAT  BRITAIN  AND  NORTHERN  IRELAND,ERUNI,YouTube,https://www.youtube.com/channel/uczagu10f-77sr56kini9-1g/videos?view_as=subscriber
UNITED  MEXICAN  STATES,EMEXI,Facebook,https://www.facebook.com/argenmexico/
UNITED  MEXICAN  STATES,EMEXI,Instagram,https://www.instagram.com/embargenmexico/
UNITED  MEXICAN  STATES,EMEXI,Twitter/X,https://twitter.com/@argenmexico
UNITED  MEXICAN  STATES,EMEXI,YouTube,https://www.youtube.com/user/embaargenmx
UNITED  STATES  OF  AMERICA,CATLA,Facebook,https://facebook.com/argenatlanta
UNITED  STATES  OF  AMERICA,CATLA,Instagram,https://instagram.com/argenatlanta
UNITED  STATES  OF  AMERICA,CATLA,LinkedIn,https://www.linkedin.com/company/argenatlanta
UNITED  STATES  OF  AMERICA,CATLA,Twitter/X,x.com/argenatlanta
UNITED  STATES  OF  AMERICA,CCHIC,Facebook,https://www.facebook.com/argentinaenchicago
UNITED  STATES  OF  AMERICA,CCHIC,Otra,consulado_argentino_chicago
UNITED  STATES  OF  AMERICA,CCHIC,Twitter/X,https://twitter.com/argenchicago
UNITED  STATES  OF  AMERICA,CCHIC,YouTube,https://www.youtube.com/channel/ucjz3a6ztr156ap_zg-1lqfq/featured
UNITED  STATES  OF  AMERICA,CHOUS,Facebook,https://www.facebook.com/argentinaenhouston/
UNITED  STATES  OF  AMERICA,CHOUS,Instagram,https://www.instagram.com/consuladoarghouston/
UNITED  STATES  OF  AMERICA,CHOUS,Twitter/X,https://x.com/argenhouston
UNITED  STATES  OF  AMERICA,CLANG,Facebook,https://www.facebook.com/argentinaenlosangeles/
UNITED  STATES  OF  AMERICA,CLANG,Instagram,https://www.instagram.com/arg_clang/
UNITED  STATES  OF  AMERICA,CLANG,Twitter/X,https://twitter.com/arg_clang
UNITED  STATES  OF  AMERICA,CMIAM,Facebook,https://es-la.facebook.com/consuladoargentino.miami/
UNITED  STATES  OF  AMERICA,CMIAM,Instagram,https://instagram.com/consuladoargentinomia/
UNITED  STATES  OF  AMERICA,CMIAM,Twitter/X,https://x.com/argenmiami/
UNITED  STATES  OF  AMERICA,CNYOR,Facebook,https://www.facebook.com/argennewyork
UNITED  STATES  OF  AMERICA,CNYOR,Instagram,https://www.instagram.com/argennewyork/
UNITED  STATES  OF  AMERICA,CNYOR,LinkedIn,https://www.linkedin.com/company/argennewyork
UNITED  STATES  OF  AMERICA,CNYOR,Twitter/X,https://twitter.com/argennewyork
UNITED  STATES  OF  AMERICA,CNYOR,YouTube,https://www.youtube.com/@argennewyork
UNITED  STATES  OF  AMERICA,EEEUU,Facebook,https://www.facebook.com/arginusa/
UNITED  STATES  OF  AMERICA,EEEUU,Flickr,https://www.flickr.com/photos/arginusa/
UNITED  STATES  OF  AMERICA,EEEUU,Instagram,https://www.instagram.com/arginusa/
UNITED  STATES  OF  AMERICA,EEEUU,LinkedIn,https://www.linkedin.com/in/arginusa
UNITED  STATES  OF  AMERICA,EEEUU,Twitter/X,https://twitter.com/arginusa
UNITED  STATES  OF  AMERICA,EEEUU,YouTube,https://www.youtube.com/arginusa
UNITED  STATES  OF  AMERICA,EEOEA,Facebook,https://www.facebook.com/argenoea/
UNITED  STATES  OF  AMERICA,EEOEA,Instagram,https://www.instagram.com/argenoea/
UNITED  STATES  OF  AMERICA,EEOEA,Twitter/X,https://www.twitter.com/argenoea
UNITED  STATES  OF  AMERICA,EEOEA,YouTube,https://www.youtube.com/channel/ucqjmca0ufl3_i3ovqz5zaag/featured
UNITED  STATES  OF  AMERICA,ENAUN,Twitter/X,https://twitter.com/argentinaun
VATICAN  CITY  STATE,ESSED,Facebook,https://www.facebook.com/argensantasede
VATICAN  CITY  STATE,ESSED,Instagram,https://www.instagram.com/argensantasede/
VATICAN  CITY  STATE,ESSED,Twitter/X,https://twitter.com/argsantasede
VATICAN  CITY  STATE,ESSED,YouTube,https://www.youtube.com/c/embajadaargentinaantelasantasede
